{"cameraMode":{"drawMode":0,"name":"Shaded","section":"Shading Mode"},"sceneLighting":true,"audioPlay":false,"sceneViewState":{"showFog":true,"showMaterialUpdate":false,"showSkybox":true,"showFlares":true,"showImageEffects":true,"showParticleSystems":true,"showVisualEffectGraphs":true,"m_FxEnabled":true},"in2DMode":false,"pivot":{"x":-229.9873809814453,"y":-6.9721479415893559,"z":-1.0063934326171876},"rotation":{"x":0.01680850423872471,"y":0.0029944495763629677,"z":-0.00004833798811887391,"w":0.9998647570610046},"size":65.20915222167969,"orthographic":false}