{"cameraMode":{"drawMode":0,"name":"Shaded","section":"Shading Mode"},"sceneLighting":false,"audioPlay":false,"sceneViewState":{"showFog":true,"showMaterialUpdate":false,"showSkybox":false,"showFlares":true,"showImageEffects":true,"showParticleSystems":true,"showVisualEffectGraphs":true,"m_FxEnabled":true},"in2DMode":false,"pivot":{"x":-43.953880310058597,"y":5.07633638381958,"z":13.964305877685547},"rotation":{"x":-0.031802624464035037,"y":0.012589638121426106,"z":-0.00040336287929676473,"w":-0.9994297623634338},"size":12.631020545959473,"orthographic":false}